{"cameraMode":{"drawMode":0,"name":"Shaded","section":"Shading Mode"},"sceneLighting":true,"audioPlay":false,"sceneViewState":{"showFog":true,"showMaterialUpdate":true,"showSkybox":true,"showFlares":true,"showImageEffects":true,"showParticleSystems":true},"in2DMode":false,"pivot":{"x":-0.45117151737213137,"y":-0.5530074238777161,"z":1.2679351568222047},"rotation":{"x":0.09166418015956879,"y":-0.33520129323005679,"z":0.032776251435279849,"w":0.937136709690094},"size":1.3071067333221436,"orthographic":false}