{"cameraMode":{"drawMode":0,"name":"Shaded","section":"Shading Mode"},"sceneLighting":true,"audioPlay":false,"sceneViewState":{"showFog":true,"showMaterialUpdate":true,"showSkybox":true,"showFlares":true,"showImageEffects":true,"showParticleSystems":true},"in2DMode":false,"pivot":{"x":18.704570770263673,"y":-12.026810646057129,"z":12.788291931152344},"rotation":{"x":-0.22038006782531739,"y":-0.4619029462337494,"z":0.11978814750909805,"w":-0.8508888483047485},"size":13.756498336791993,"orthographic":false}