{"cameraMode":{"drawMode":0,"name":"Shaded","section":"Shading Mode"},"sceneLighting":true,"audioPlay":false,"sceneViewState":{"showFog":true,"showMaterialUpdate":true,"showSkybox":true,"showFlares":true,"showImageEffects":true,"showParticleSystems":true},"in2DMode":false,"pivot":{"x":-6.310331344604492,"y":-11.176026344299317,"z":-11.20169734954834},"rotation":{"x":-0.09080841392278671,"y":0.9080451130867004,"z":-0.31256017088890078,"w":-0.2639608383178711},"size":15.711012840270996,"orthographic":false}