{"cameraMode":{"drawMode":0,"name":"Shaded","section":"Shading Mode"},"sceneLighting":true,"audioPlay":false,"sceneViewState":{"showFog":true,"showMaterialUpdate":true,"showSkybox":true,"showFlares":true,"showImageEffects":true,"showParticleSystems":true},"in2DMode":false,"pivot":{"x":-0.09876444935798645,"y":1.2154450416564942,"z":-7.111065864562988},"rotation":{"x":-0.003459288738667965,"y":-0.9920962452888489,"z":0.12264681607484818,"w":-0.02767273597419262},"size":0.10951113700866699,"orthographic":false}