{"cameraMode":{"drawMode":0,"name":"Shaded","section":"Shading Mode"},"sceneLighting":true,"audioPlay":false,"sceneViewState":{"showFog":true,"showMaterialUpdate":true,"showSkybox":true,"showFlares":true,"showImageEffects":true,"showParticleSystems":true},"in2DMode":false,"pivot":{"x":4.301732063293457,"y":-0.9756376147270203,"z":1.3076772689819337},"rotation":{"x":0.30219709873199465,"y":0.6106846332550049,"z":-0.2718169391155243,"w":0.6798321604728699},"size":3.2660253047943117,"orthographic":false}