{"cameraMode":{"drawMode":0,"name":"Shaded","section":"Shading Mode"},"sceneLighting":false,"audioPlay":false,"sceneViewState":{"showFog":true,"showMaterialUpdate":true,"showSkybox":false,"showFlares":true,"showImageEffects":true,"showParticleSystems":true},"in2DMode":false,"pivot":{"x":2.9713523387908937,"y":1.5871970653533936,"z":-4.382015228271484},"rotation":{"x":-0.12981057167053224,"y":0.0971037819981575,"z":-0.012794236652553082,"w":-0.9867231249809265},"size":0.4330126941204071,"orthographic":false}